Datetime,Open,High,Low,Close,Volume,Dividends,Stock Splits
2025-08-04 09:00:00+02:00,94.1500015258789,94.1999969482422,93.4000015258789,93.8000030517578,0,0.0,0.0
2025-08-04 09:05:00+02:00,93.6500015258789,95.0,93.6500015258789,94.75,17191,0.0,0.0
2025-08-04 09:10:00+02:00,94.75,94.8499984741211,94.0999984741211,94.75,9770,0.0,0.0
2025-08-04 09:15:00+02:00,94.8000030517578,95.4499969482422,94.6999969482422,94.8499984741211,22086,0.0,0.0
2025-08-04 09:20:00+02:00,94.9000015258789,95.0,94.75,94.75,6246,0.0,0.0
2025-08-04 09:25:00+02:00,94.6999969482422,94.8000030517578,94.5,94.5999984741211,5660,0.0,0.0
2025-08-04 09:30:00+02:00,94.5500030517578,94.5500030517578,94.0500030517578,94.4000015258789,5308,0.0,0.0
2025-08-04 09:35:00+02:00,94.3499984741211,94.5,94.25,94.4000015258789,2208,0.0,0.0
2025-08-04 09:40:00+02:00,94.4499969482422,94.5999984741211,94.3499984741211,94.4000015258789,2947,0.0,0.0
2025-08-04 09:45:00+02:00,94.4000015258789,94.4000015258789,93.9000015258789,93.9000015258789,3713,0.0,0.0
2025-08-04 09:50:00+02:00,93.9499969482422,94.3000030517578,93.9000015258789,94.3000030517578,1299,0.0,0.0
2025-08-04 09:55:00+02:00,94.3499984741211,94.4499969482422,93.9499969482422,94.1500015258789,5752,0.0,0.0
2025-08-04 10:00:00+02:00,94.1500015258789,94.1999969482422,93.6999969482422,93.6999969482422,7803,0.0,0.0
2025-08-04 10:05:00+02:00,93.75,93.9000015258789,93.6500015258789,93.75,10970,0.0,0.0
2025-08-04 10:10:00+02:00,93.8000030517578,94.0,93.75,94.0,3105,0.0,0.0
2025-08-04 10:15:00+02:00,94.0999984741211,94.4000015258789,94.0999984741211,94.1999969482422,2419,0.0,0.0
2025-08-04 10:20:00+02:00,94.0500030517578,94.3000030517578,94.0500030517578,94.0999984741211,5042,0.0,0.0
2025-08-04 10:25:00+02:00,94.0999984741211,94.1500015258789,93.9000015258789,94.0,2234,0.0,0.0
2025-08-04 10:30:00+02:00,94.0500030517578,94.3000030517578,94.0500030517578,94.3000030517578,2536,0.0,0.0
2025-08-04 10:35:00+02:00,94.3000030517578,94.3000030517578,94.1999969482422,94.3000030517578,481,0.0,0.0
2025-08-04 10:40:00+02:00,94.25,94.3000030517578,94.1500015258789,94.1999969482422,1684,0.0,0.0
2025-08-04 10:45:00+02:00,94.1999969482422,94.4499969482422,94.1999969482422,94.4000015258789,2332,0.0,0.0
2025-08-04 10:50:00+02:00,94.4000015258789,94.5,94.4000015258789,94.4499969482422,601,0.0,0.0
2025-08-04 10:55:00+02:00,94.5999984741211,95.1500015258789,94.5999984741211,95.0500030517578,6569,0.0,0.0
2025-08-04 11:00:00+02:00,95.1500015258789,95.6500015258789,95.0999984741211,95.25,14753,0.0,0.0
2025-08-04 11:05:00+02:00,95.1999969482422,95.3499984741211,95.0500030517578,95.1500015258789,6647,0.0,0.0
2025-08-04 11:10:00+02:00,95.0999984741211,95.3000030517578,95.0,95.3000030517578,5019,0.0,0.0
2025-08-04 11:15:00+02:00,95.3499984741211,95.3499984741211,95.0,95.3000030517578,1532,0.0,0.0
2025-08-04 11:20:00+02:00,95.25,95.3000030517578,95.1999969482422,95.25,1722,0.0,0.0
2025-08-04 11:25:00+02:00,95.25,95.4499969482422,95.1999969482422,95.4499969482422,8430,0.0,0.0
2025-08-04 11:30:00+02:00,95.3499984741211,95.5,95.3000030517578,95.4000015258789,3725,0.0,0.0
2025-08-04 11:35:00+02:00,95.4000015258789,95.4499969482422,95.3000030517578,95.4499969482422,1475,0.0,0.0
2025-08-04 11:40:00+02:00,95.4000015258789,95.4000015258789,95.25,95.3499984741211,1998,0.0,0.0
2025-08-04 11:45:00+02:00,95.4000015258789,95.6500015258789,95.3000030517578,95.5999984741211,2735,0.0,0.0
2025-08-04 11:50:00+02:00,95.5999984741211,95.6500015258789,95.5,95.5,1639,0.0,0.0
2025-08-04 11:55:00+02:00,95.5,95.5,95.3000030517578,95.4499969482422,3928,0.0,0.0
2025-08-04 12:00:00+02:00,95.4000015258789,95.5999984741211,95.25,95.5999984741211,1402,0.0,0.0
2025-08-04 12:05:00+02:00,95.5999984741211,95.8499984741211,95.5999984741211,95.6500015258789,25137,0.0,0.0
2025-08-04 12:10:00+02:00,95.6500015258789,95.6500015258789,95.25,95.25,5531,0.0,0.0
2025-08-04 12:15:00+02:00,95.3000030517578,95.5,95.25,95.25,4899,0.0,0.0
2025-08-04 12:20:00+02:00,95.4000015258789,95.5999984741211,95.4000015258789,95.5999984741211,964,0.0,0.0
2025-08-04 12:25:00+02:00,95.5500030517578,95.5500030517578,95.4000015258789,95.4000015258789,1466,0.0,0.0
2025-08-04 12:30:00+02:00,95.5999984741211,95.75,95.5999984741211,95.6999969482422,3761,0.0,0.0
2025-08-04 12:35:00+02:00,95.75,95.75,95.25,95.4000015258789,7443,0.0,0.0
2025-08-04 12:40:00+02:00,95.3000030517578,95.3499984741211,95.25,95.3499984741211,931,0.0,0.0
2025-08-04 12:45:00+02:00,95.25,95.25,95.0999984741211,95.0999984741211,890,0.0,0.0
2025-08-04 12:50:00+02:00,95.1999969482422,95.1999969482422,95.0,95.0999984741211,2131,0.0,0.0
2025-08-04 12:55:00+02:00,95.1999969482422,95.3499984741211,95.1999969482422,95.25,1132,0.0,0.0
2025-08-04 13:00:00+02:00,95.1500015258789,95.3000030517578,95.0500030517578,95.0500030517578,2416,0.0,0.0
2025-08-04 13:05:00+02:00,95.0,95.0500030517578,94.8499984741211,94.8499984741211,1735,0.0,0.0
2025-08-04 13:10:00+02:00,94.9000015258789,95.0500030517578,94.9000015258789,95.0500030517578,1566,0.0,0.0
2025-08-04 13:15:00+02:00,95.0999984741211,95.0999984741211,95.0,95.0500030517578,399,0.0,0.0
2025-08-04 13:20:00+02:00,95.0,95.25,95.0,95.25,1938,0.0,0.0
2025-08-04 13:25:00+02:00,95.25,95.3000030517578,95.0500030517578,95.0500030517578,1650,0.0,0.0
2025-08-04 13:30:00+02:00,95.0999984741211,95.1999969482422,95.0,95.1999969482422,1454,0.0,0.0
2025-08-04 13:35:00+02:00,95.0500030517578,95.0500030517578,94.9000015258789,94.9000015258789,784,0.0,0.0
2025-08-04 13:40:00+02:00,94.8000030517578,94.9000015258789,94.8000030517578,94.9000015258789,681,0.0,0.0
2025-08-04 13:45:00+02:00,94.9499969482422,94.9499969482422,94.8000030517578,94.8000030517578,287,0.0,0.0
2025-08-04 13:50:00+02:00,94.8000030517578,94.8000030517578,94.6999969482422,94.75,1913,0.0,0.0
2025-08-04 13:55:00+02:00,94.8000030517578,95.1500015258789,94.75,95.0999984741211,1536,0.0,0.0
2025-08-04 14:00:00+02:00,95.0500030517578,95.1500015258789,94.6999969482422,94.6999969482422,2081,0.0,0.0
2025-08-04 14:05:00+02:00,94.8499984741211,94.9000015258789,94.6500015258789,94.6500015258789,1472,0.0,0.0
2025-08-04 14:10:00+02:00,94.6500015258789,94.6500015258789,94.4000015258789,94.4000015258789,3568,0.0,0.0
2025-08-04 14:15:00+02:00,94.5,94.6500015258789,94.5,94.5,685,0.0,0.0
2025-08-04 14:20:00+02:00,94.4000015258789,94.5500030517578,94.3499984741211,94.5,2588,0.0,0.0
2025-08-04 14:25:00+02:00,94.5,94.5,94.25,94.25,806,0.0,0.0
2025-08-04 14:30:00+02:00,94.1999969482422,94.4000015258789,94.0999984741211,94.4000015258789,2014,0.0,0.0
2025-08-04 14:35:00+02:00,94.25,94.25,94.0999984741211,94.1999969482422,1426,0.0,0.0
2025-08-04 14:40:00+02:00,94.3000030517578,94.4000015258789,94.1500015258789,94.1500015258789,235,0.0,0.0
2025-08-04 14:45:00+02:00,94.0999984741211,94.4000015258789,94.0999984741211,94.3499984741211,2464,0.0,0.0
2025-08-04 14:50:00+02:00,94.4000015258789,94.5,94.3499984741211,94.3499984741211,799,0.0,0.0
2025-08-04 14:55:00+02:00,94.3499984741211,94.4000015258789,94.3000030517578,94.3000030517578,1047,0.0,0.0
2025-08-04 15:00:00+02:00,94.4000015258789,94.4000015258789,94.0999984741211,94.1500015258789,1985,0.0,0.0
2025-08-04 15:05:00+02:00,94.0999984741211,94.0999984741211,93.9000015258789,93.9499969482422,1313,0.0,0.0
2025-08-04 15:10:00+02:00,94.0,94.0,93.8499984741211,93.8499984741211,670,0.0,0.0
2025-08-04 15:15:00+02:00,93.9000015258789,93.9499969482422,93.8499984741211,93.8499984741211,861,0.0,0.0
2025-08-04 15:20:00+02:00,93.8499984741211,94.3000030517578,93.8000030517578,94.3000030517578,4093,0.0,0.0
2025-08-04 15:25:00+02:00,94.3499984741211,94.4499969482422,94.3499984741211,94.4499969482422,205,0.0,0.0
2025-08-04 15:30:00+02:00,94.5,94.5500030517578,93.9499969482422,94.0500030517578,2497,0.0,0.0
2025-08-04 15:35:00+02:00,94.1500015258789,94.1999969482422,94.1500015258789,94.1999969482422,406,0.0,0.0
2025-08-04 15:40:00+02:00,94.1500015258789,94.1500015258789,93.9499969482422,93.9499969482422,1915,0.0,0.0
2025-08-04 15:45:00+02:00,94.0,94.0999984741211,93.9499969482422,93.9499969482422,851,0.0,0.0
2025-08-04 15:50:00+02:00,93.9499969482422,94.0999984741211,93.9000015258789,93.9499969482422,1382,0.0,0.0
2025-08-04 15:55:00+02:00,93.9499969482422,93.9499969482422,93.8000030517578,93.9000015258789,2120,0.0,0.0
2025-08-04 16:00:00+02:00,93.8499984741211,94.0999984741211,93.5999984741211,93.5999984741211,16303,0.0,0.0
2025-08-04 16:05:00+02:00,93.6500015258789,93.8000030517578,93.5500030517578,93.6500015258789,2724,0.0,0.0
2025-08-04 16:10:00+02:00,93.6500015258789,93.6999969482422,93.4499969482422,93.4499969482422,4174,0.0,0.0
2025-08-04 16:15:00+02:00,93.5,93.5500030517578,92.9499969482422,93.5500030517578,23703,0.0,0.0
2025-08-04 16:20:00+02:00,93.5,93.8499984741211,93.5,93.8499984741211,2750,0.0,0.0
2025-08-04 16:25:00+02:00,93.8000030517578,93.9000015258789,93.6999969482422,93.75,3119,0.0,0.0
2025-08-04 16:30:00+02:00,93.6999969482422,93.9499969482422,93.6500015258789,93.9000015258789,1359,0.0,0.0
2025-08-04 16:35:00+02:00,93.9499969482422,94.0999984741211,93.8499984741211,93.8499984741211,1342,0.0,0.0
2025-08-04 16:40:00+02:00,93.8499984741211,93.8499984741211,93.6999969482422,93.6999969482422,1240,0.0,0.0
2025-08-04 16:45:00+02:00,93.75,93.75,93.6500015258789,93.6500015258789,2403,0.0,0.0
2025-08-04 16:50:00+02:00,93.5,93.5,93.25,93.25,2456,0.0,0.0
2025-08-04 16:55:00+02:00,93.3000030517578,93.5,93.25,93.5,1214,0.0,0.0
2025-08-04 17:00:00+02:00,93.4499969482422,93.5,93.0999984741211,93.1999969482422,1597,0.0,0.0
2025-08-04 17:05:00+02:00,93.0999984741211,93.3000030517578,93.0,93.3000030517578,3165,0.0,0.0
2025-08-04 17:10:00+02:00,93.3000030517578,93.4000015258789,93.3000030517578,93.3000030517578,7307,0.0,0.0
2025-08-04 17:15:00+02:00,93.3000030517578,93.4499969482422,93.25,93.4499969482422,2226,0.0,0.0
2025-08-04 17:20:00+02:00,93.4499969482422,93.5999984741211,93.4499969482422,93.4499969482422,1992,0.0,0.0
2025-08-04 17:25:00+02:00,93.5,93.6999969482422,93.4499969482422,93.5999984741211,4837,0.0,0.0
2025-08-05 09:00:00+02:00,93.9000015258789,94.4000015258789,93.6999969482422,94.3000030517578,19138,0.0,0.0
2025-08-05 09:05:00+02:00,94.3000030517578,94.5500030517578,93.6500015258789,94.0,6306,0.0,0.0
2025-08-05 09:10:00+02:00,93.9000015258789,94.0,93.3499984741211,93.3499984741211,5474,0.0,0.0
2025-08-05 09:15:00+02:00,93.5,93.8000030517578,93.4499969482422,93.6999969482422,4783,0.0,0.0
2025-08-05 09:20:00+02:00,93.6999969482422,93.9499969482422,93.1500015258789,93.9499969482422,6760,0.0,0.0
2025-08-05 09:25:00+02:00,94.0,94.1999969482422,93.9000015258789,94.1999969482422,2229,0.0,0.0
2025-08-05 09:30:00+02:00,94.1999969482422,94.1999969482422,93.9000015258789,93.9499969482422,2392,0.0,0.0
2025-08-05 09:35:00+02:00,93.9000015258789,93.9000015258789,93.5999984741211,93.5999984741211,1667,0.0,0.0
2025-08-05 09:40:00+02:00,93.6500015258789,94.5500030517578,93.5999984741211,94.5500030517578,6935,0.0,0.0
2025-08-05 09:45:00+02:00,94.6999969482422,95.0,94.6500015258789,95.0,5165,0.0,0.0
2025-08-05 09:50:00+02:00,95.0,95.0,94.6500015258789,94.6500015258789,7138,0.0,0.0
2025-08-05 09:55:00+02:00,94.5500030517578,94.6999969482422,94.1999969482422,94.25,1655,0.0,0.0
2025-08-05 10:00:00+02:00,94.25,94.4499969482422,93.9499969482422,94.4499969482422,6642,0.0,0.0
2025-08-05 10:05:00+02:00,94.3499984741211,94.6500015258789,94.3000030517578,94.6500015258789,1152,0.0,0.0
2025-08-05 10:10:00+02:00,94.5500030517578,94.6999969482422,94.5500030517578,94.6999969482422,988,0.0,0.0
2025-08-05 10:15:00+02:00,94.8000030517578,95.0,94.8000030517578,94.9000015258789,4426,0.0,0.0
2025-08-05 10:20:00+02:00,94.9499969482422,95.1999969482422,94.9000015258789,95.1999969482422,7154,0.0,0.0
2025-08-05 10:25:00+02:00,95.3499984741211,95.4000015258789,95.3000030517578,95.3000030517578,2420,0.0,0.0
2025-08-05 10:30:00+02:00,95.4000015258789,95.4499969482422,95.3000030517578,95.4000015258789,5184,0.0,0.0
2025-08-05 10:35:00+02:00,95.4499969482422,95.75,95.3499984741211,95.6999969482422,7340,0.0,0.0
2025-08-05 10:40:00+02:00,95.75,95.8000030517578,95.6999969482422,95.75,4930,0.0,0.0
2025-08-05 10:45:00+02:00,95.8000030517578,95.9000015258789,95.75,95.9000015258789,5193,0.0,0.0
2025-08-05 10:50:00+02:00,95.8499984741211,95.9499969482422,95.5,95.5,4486,0.0,0.0
2025-08-05 10:55:00+02:00,95.5500030517578,95.5500030517578,95.3499984741211,95.5,2543,0.0,0.0
2025-08-05 11:00:00+02:00,95.4000015258789,95.4000015258789,95.1999969482422,95.3499984741211,2736,0.0,0.0
2025-08-05 11:05:00+02:00,95.4499969482422,95.4499969482422,95.1999969482422,95.1999969482422,2595,0.0,0.0
2025-08-05 11:10:00+02:00,95.1999969482422,95.1999969482422,95.1500015258789,95.1500015258789,607,0.0,0.0
2025-08-05 11:15:00+02:00,95.1999969482422,95.4000015258789,95.0999984741211,95.0999984741211,2905,0.0,0.0
2025-08-05 11:20:00+02:00,95.0999984741211,95.3000030517578,94.9000015258789,95.3000030517578,3477,0.0,0.0
2025-08-05 11:25:00+02:00,95.3499984741211,95.4499969482422,95.1999969482422,95.1999969482422,4008,0.0,0.0
2025-08-05 11:30:00+02:00,95.1500015258789,95.1500015258789,95.0500030517578,95.0500030517578,453,0.0,0.0
2025-08-05 11:35:00+02:00,95.0500030517578,95.0500030517578,94.8000030517578,95.0,2744,0.0,0.0
2025-08-05 11:40:00+02:00,95.0999984741211,95.5500030517578,95.0999984741211,95.5,2283,0.0,0.0
2025-08-05 11:45:00+02:00,95.5,95.5,95.4000015258789,95.4000015258789,2020,0.0,0.0
2025-08-05 11:50:00+02:00,95.4000015258789,95.5,95.3499984741211,95.5,904,0.0,0.0
2025-08-05 11:55:00+02:00,95.5500030517578,95.5500030517578,95.4499969482422,95.4499969482422,1141,0.0,0.0
2025-08-05 12:00:00+02:00,95.4499969482422,95.5,95.25,95.4000015258789,9828,0.0,0.0
2025-08-05 12:05:00+02:00,95.4000015258789,95.4000015258789,95.0999984741211,95.0999984741211,1719,0.0,0.0
2025-08-05 12:10:00+02:00,95.0500030517578,95.1999969482422,95.0,95.1500015258789,963,0.0,0.0
2025-08-05 12:15:00+02:00,95.1500015258789,95.1999969482422,95.0,95.0,1119,0.0,0.0
2025-08-05 12:20:00+02:00,94.9499969482422,95.0999984741211,94.8000030517578,95.0999984741211,2529,0.0,0.0
2025-08-05 12:25:00+02:00,95.0999984741211,95.0999984741211,95.0,95.0,1058,0.0,0.0
2025-08-05 12:30:00+02:00,95.0,95.1999969482422,95.0,95.1500015258789,3082,0.0,0.0
2025-08-05 12:35:00+02:00,95.1999969482422,95.25,95.1999969482422,95.25,496,0.0,0.0
2025-08-05 12:40:00+02:00,95.25,95.3000030517578,95.1999969482422,95.25,1925,0.0,0.0
2025-08-05 12:45:00+02:00,95.1999969482422,95.6500015258789,95.1999969482422,95.4499969482422,3062,0.0,0.0
2025-08-05 12:50:00+02:00,95.4000015258789,95.4000015258789,95.0,95.0,4038,0.0,0.0
2025-08-05 12:55:00+02:00,94.9499969482422,95.1500015258789,94.9499969482422,95.0999984741211,1320,0.0,0.0
2025-08-05 13:00:00+02:00,95.0500030517578,95.1999969482422,94.8499984741211,95.0,9054,0.0,0.0
2025-08-05 13:05:00+02:00,95.0500030517578,95.1999969482422,95.0500030517578,95.1500015258789,2150,0.0,0.0
2025-08-05 13:10:00+02:00,95.1999969482422,95.25,95.0999984741211,95.1500015258789,2038,0.0,0.0
2025-08-05 13:15:00+02:00,95.1999969482422,95.25,95.1500015258789,95.1999969482422,1927,0.0,0.0
2025-08-05 13:20:00+02:00,95.1999969482422,95.25,94.75,94.75,3419,0.0,0.0
2025-08-05 13:25:00+02:00,94.8000030517578,94.8499984741211,94.75,94.75,685,0.0,0.0
2025-08-05 13:30:00+02:00,94.8499984741211,94.8499984741211,94.6999969482422,94.6999969482422,1251,0.0,0.0
2025-08-05 13:35:00+02:00,94.8000030517578,94.8000030517578,94.6999969482422,94.6999969482422,549,0.0,0.0
2025-08-05 13:40:00+02:00,94.8000030517578,94.9000015258789,94.8000030517578,94.8499984741211,1055,0.0,0.0
2025-08-05 13:45:00+02:00,94.8000030517578,94.9000015258789,94.8000030517578,94.9000015258789,3053,0.0,0.0
2025-08-05 13:50:00+02:00,94.8499984741211,94.8499984741211,94.6999969482422,94.75,3572,0.0,0.0
2025-08-05 13:55:00+02:00,94.8000030517578,95.0,94.8000030517578,95.0,1222,0.0,0.0
2025-08-05 14:00:00+02:00,95.0,95.0500030517578,94.9000015258789,95.0,8107,0.0,0.0
2025-08-05 14:05:00+02:00,95.0500030517578,95.0999984741211,94.6999969482422,94.6999969482422,3743,0.0,0.0
2025-08-05 14:10:00+02:00,94.8000030517578,94.8499984741211,94.8000030517578,94.8499984741211,428,0.0,0.0
2025-08-05 14:15:00+02:00,94.9000015258789,94.9000015258789,94.6999969482422,94.6999969482422,2394,0.0,0.0
2025-08-05 14:20:00+02:00,94.75,95.0,94.75,95.0,1024,0.0,0.0
2025-08-05 14:25:00+02:00,95.0,95.0500030517578,95.0,95.0500030517578,119,0.0,0.0
2025-08-05 14:30:00+02:00,94.9499969482422,94.9499969482422,94.6999969482422,94.75,2972,0.0,0.0
2025-08-05 14:35:00+02:00,94.8499984741211,94.9499969482422,94.8499984741211,94.9499969482422,1080,0.0,0.0
2025-08-05 14:40:00+02:00,94.9499969482422,95.0,94.9499969482422,94.9499969482422,425,0.0,0.0
2025-08-05 14:45:00+02:00,94.9000015258789,94.9000015258789,94.8000030517578,94.8499984741211,6100,0.0,0.0
2025-08-05 14:50:00+02:00,94.75,94.75,94.4499969482422,94.5,2455,0.0,0.0
2025-08-05 14:55:00+02:00,94.4499969482422,94.5500030517578,94.4000015258789,94.5500030517578,1438,0.0,0.0
2025-08-05 15:00:00+02:00,94.5,94.5999984741211,94.5,94.5999984741211,896,0.0,0.0
2025-08-05 15:05:00+02:00,94.5999984741211,94.6500015258789,94.5500030517578,94.6500015258789,344,0.0,0.0
2025-08-05 15:10:00+02:00,94.5999984741211,94.5999984741211,94.5999984741211,94.5999984741211,234,0.0,0.0
2025-08-05 15:15:00+02:00,94.5999984741211,94.5999984741211,94.4000015258789,94.4499969482422,3442,0.0,0.0
2025-08-05 15:20:00+02:00,94.5,94.5,94.4499969482422,94.4499969482422,559,0.0,0.0
2025-08-05 15:25:00+02:00,94.5,94.5500030517578,94.25,94.25,2482,0.0,0.0
2025-08-05 15:30:00+02:00,94.3000030517578,94.5,94.1500015258789,94.4499969482422,3090,0.0,0.0
2025-08-05 15:35:00+02:00,94.4000015258789,94.6500015258789,94.3499984741211,94.6500015258789,2172,0.0,0.0
2025-08-05 15:40:00+02:00,94.6500015258789,94.6999969482422,94.3499984741211,94.4000015258789,3616,0.0,0.0
2025-08-05 15:45:00+02:00,94.4000015258789,94.6999969482422,94.3000030517578,94.5999984741211,1435,0.0,0.0
2025-08-05 15:50:00+02:00,94.6500015258789,94.6500015258789,94.5,94.5500030517578,2920,0.0,0.0
2025-08-05 15:55:00+02:00,94.4499969482422,94.4499969482422,94.0999984741211,94.0999984741211,3047,0.0,0.0
2025-08-05 16:00:00+02:00,94.0500030517578,94.1999969482422,93.8000030517578,94.1999969482422,5527,0.0,0.0
2025-08-05 16:05:00+02:00,94.1500015258789,94.1500015258789,93.9000015258789,94.0,3808,0.0,0.0
2025-08-05 16:10:00+02:00,94.0500030517578,94.25,94.0500030517578,94.1999969482422,1746,0.0,0.0
2025-08-05 16:15:00+02:00,94.25,94.25,94.1500015258789,94.1999969482422,396,0.0,0.0
2025-08-05 16:20:00+02:00,94.1999969482422,94.1999969482422,94.0999984741211,94.0999984741211,3487,0.0,0.0
2025-08-05 16:25:00+02:00,94.1500015258789,94.1500015258789,94.0500030517578,94.0500030517578,4546,0.0,0.0
2025-08-05 16:30:00+02:00,94.1500015258789,94.4000015258789,94.1500015258789,94.3000030517578,2275,0.0,0.0
2025-08-05 16:35:00+02:00,94.3499984741211,94.6999969482422,94.3499984741211,94.6999969482422,5118,0.0,0.0
2025-08-05 16:40:00+02:00,94.6999969482422,94.75,94.3000030517578,94.3499984741211,3050,0.0,0.0
2025-08-05 16:45:00+02:00,94.3499984741211,94.4000015258789,94.3000030517578,94.3499984741211,2057,0.0,0.0
2025-08-05 16:50:00+02:00,94.3499984741211,94.5,94.3499984741211,94.4499969482422,3491,0.0,0.0
2025-08-05 16:55:00+02:00,94.5,94.5,94.3499984741211,94.3499984741211,2664,0.0,0.0
2025-08-05 17:00:00+02:00,94.3000030517578,94.3499984741211,94.1500015258789,94.3000030517578,1788,0.0,0.0
2025-08-05 17:05:00+02:00,94.3000030517578,94.3499984741211,94.0999984741211,94.1500015258789,4137,0.0,0.0
2025-08-05 17:10:00+02:00,94.1500015258789,94.1500015258789,93.6500015258789,93.8499984741211,17526,0.0,0.0
2025-08-05 17:15:00+02:00,93.9000015258789,94.0500030517578,93.75,94.0500030517578,5743,0.0,0.0
2025-08-05 17:20:00+02:00,94.0999984741211,94.3499984741211,94.0999984741211,94.1500015258789,11024,0.0,0.0
2025-08-05 17:25:00+02:00,94.0500030517578,94.25,94.0,94.25,6376,0.0,0.0
2025-08-06 09:00:00+02:00,93.8499984741211,94.3499984741211,92.9499969482422,94.3000030517578,0,0.0,0.0
2025-08-06 09:05:00+02:00,94.3499984741211,94.6500015258789,94.1500015258789,94.6500015258789,2744,0.0,0.0
2025-08-06 09:10:00+02:00,94.6999969482422,94.6999969482422,94.25,94.3499984741211,4132,0.0,0.0
2025-08-06 09:15:00+02:00,94.5,94.6500015258789,94.3000030517578,94.4499969482422,7808,0.0,0.0
2025-08-06 09:20:00+02:00,94.5999984741211,94.6500015258789,94.5,94.5,1984,0.0,0.0
2025-08-06 09:25:00+02:00,94.5,94.8000030517578,94.4499969482422,94.75,1694,0.0,0.0
2025-08-06 09:30:00+02:00,94.75,94.8000030517578,94.4499969482422,94.5,4409,0.0,0.0
2025-08-06 09:35:00+02:00,94.4000015258789,94.5999984741211,94.3499984741211,94.5999984741211,1788,0.0,0.0
2025-08-06 09:40:00+02:00,94.8000030517578,94.8000030517578,94.6500015258789,94.75,3472,0.0,0.0
2025-08-06 09:45:00+02:00,94.75,94.75,94.5999984741211,94.6999969482422,802,0.0,0.0
2025-08-06 09:50:00+02:00,94.6500015258789,94.8000030517578,94.4000015258789,94.8000030517578,1757,0.0,0.0
2025-08-06 09:55:00+02:00,94.6500015258789,94.6500015258789,94.4000015258789,94.4499969482422,1702,0.0,0.0
2025-08-06 10:00:00+02:00,94.5,94.6999969482422,94.5,94.6999969482422,1040,0.0,0.0
2025-08-06 10:05:00+02:00,94.6500015258789,94.6999969482422,94.5,94.5,2147,0.0,0.0
2025-08-06 10:10:00+02:00,94.4499969482422,94.5999984741211,94.3499984741211,94.3499984741211,1419,0.0,0.0
2025-08-06 10:15:00+02:00,94.25,94.25,94.0,94.0,3466,0.0,0.0
2025-08-06 10:20:00+02:00,94.0,94.0,93.5500030517578,93.9499969482422,2411,0.0,0.0
2025-08-06 10:25:00+02:00,94.0,94.0999984741211,93.9499969482422,94.0500030517578,305,0.0,0.0
2025-08-06 10:30:00+02:00,94.1500015258789,94.25,93.9000015258789,93.9499969482422,3311,0.0,0.0
2025-08-06 10:35:00+02:00,93.9000015258789,93.9000015258789,93.75,93.75,1617,0.0,0.0
2025-08-06 10:40:00+02:00,93.8000030517578,93.9000015258789,93.6999969482422,93.6999969482422,2119,0.0,0.0
2025-08-06 10:45:00+02:00,93.6500015258789,93.9000015258789,93.6500015258789,93.8499984741211,2900,0.0,0.0
2025-08-06 10:50:00+02:00,93.8499984741211,93.8499984741211,93.5,93.5500030517578,1171,0.0,0.0
2025-08-06 10:55:00+02:00,93.5500030517578,93.5999984741211,93.3499984741211,93.5999984741211,7638,0.0,0.0
2025-08-06 11:00:00+02:00,93.5500030517578,93.8000030517578,93.5500030517578,93.5500030517578,2047,0.0,0.0
2025-08-06 11:05:00+02:00,93.6999969482422,94.0,93.5999984741211,94.0,663,0.0,0.0
2025-08-06 11:10:00+02:00,94.0500030517578,94.0500030517578,93.75,93.75,3240,0.0,0.0
2025-08-06 11:15:00+02:00,93.8499984741211,93.9499969482422,93.8499984741211,93.9000015258789,444,0.0,0.0
2025-08-06 11:20:00+02:00,93.9000015258789,94.0500030517578,93.9000015258789,94.0500030517578,1364,0.0,0.0
2025-08-06 11:25:00+02:00,93.9499969482422,93.9499969482422,93.9000015258789,93.9000015258789,1270,0.0,0.0
2025-08-06 11:30:00+02:00,93.9499969482422,93.9499969482422,93.5500030517578,93.8499984741211,4130,0.0,0.0
2025-08-06 11:35:00+02:00,93.8000030517578,93.8000030517578,93.6999969482422,93.6999969482422,497,0.0,0.0
2025-08-06 11:40:00+02:00,93.6500015258789,93.8000030517578,93.5999984741211,93.8000030517578,424,0.0,0.0
2025-08-06 11:45:00+02:00,93.75,93.75,93.5999984741211,93.5999984741211,1120,0.0,0.0
2025-08-06 11:50:00+02:00,93.5999984741211,93.5999984741211,93.5500030517578,93.5500030517578,1338,0.0,0.0
2025-08-06 11:55:00+02:00,93.5500030517578,93.5500030517578,93.3000030517578,93.3499984741211,8346,0.0,0.0
2025-08-06 12:00:00+02:00,93.3499984741211,93.3499984741211,93.25,93.25,1116,0.0,0.0
2025-08-06 12:05:00+02:00,93.1999969482422,93.1999969482422,93.0500030517578,93.1500015258789,1490,0.0,0.0
2025-08-06 12:10:00+02:00,93.1999969482422,93.1999969482422,93.1999969482422,93.1999969482422,100,0.0,0.0
2025-08-06 12:15:00+02:00,93.0999984741211,93.0999984741211,92.6500015258789,92.8000030517578,2884,0.0,0.0
2025-08-06 12:20:00+02:00,92.8499984741211,93.0,92.8499984741211,92.9499969482422,2665,0.0,0.0
2025-08-06 12:25:00+02:00,92.9499969482422,93.0999984741211,92.9499969482422,93.0,2531,0.0,0.0
2025-08-06 12:30:00+02:00,92.9499969482422,93.0,92.9499969482422,92.9499969482422,1995,0.0,0.0
2025-08-06 12:35:00+02:00,92.9000015258789,93.0,92.8499984741211,93.0,1246,0.0,0.0
2025-08-06 12:40:00+02:00,92.8499984741211,92.9499969482422,92.8499984741211,92.9000015258789,1413,0.0,0.0
2025-08-06 12:45:00+02:00,92.8000030517578,92.8000030517578,92.6999969482422,92.75,603,0.0,0.0
2025-08-06 12:50:00+02:00,92.6500015258789,92.6500015258789,92.5500030517578,92.5500030517578,560,0.0,0.0
2025-08-06 12:55:00+02:00,92.5500030517578,92.6500015258789,92.4000015258789,92.5500030517578,4850,0.0,0.0
2025-08-06 13:00:00+02:00,92.5500030517578,93.0,92.5500030517578,92.6500015258789,5841,0.0,0.0
2025-08-06 13:05:00+02:00,92.8000030517578,92.8000030517578,92.5500030517578,92.5500030517578,1666,0.0,0.0
2025-08-06 13:10:00+02:00,92.5500030517578,92.6999969482422,92.4499969482422,92.5999984741211,6093,0.0,0.0
2025-08-06 13:15:00+02:00,92.5999984741211,92.8000030517578,92.5999984741211,92.8000030517578,1224,0.0,0.0
2025-08-06 13:20:00+02:00,92.6999969482422,92.75,92.5999984741211,92.5999984741211,1674,0.0,0.0
2025-08-06 13:25:00+02:00,92.5999984741211,92.8499984741211,92.5999984741211,92.8499984741211,606,0.0,0.0
2025-08-06 13:30:00+02:00,92.9000015258789,92.9000015258789,92.6999969482422,92.8000030517578,1711,0.0,0.0
2025-08-06 13:35:00+02:00,92.8499984741211,92.9499969482422,92.8499984741211,92.9499969482422,297,0.0,0.0
2025-08-06 13:40:00+02:00,92.9499969482422,93.0500030517578,92.9499969482422,93.0500030517578,1105,0.0,0.0
2025-08-06 13:45:00+02:00,92.9499969482422,92.9499969482422,92.4499969482422,92.5,3227,0.0,0.0
2025-08-06 13:50:00+02:00,92.5500030517578,92.5999984741211,92.5500030517578,92.5999984741211,366,0.0,0.0
2025-08-06 13:55:00+02:00,92.6500015258789,92.6500015258789,92.5999984741211,92.5999984741211,580,0.0,0.0
2025-08-06 14:00:00+02:00,92.5999984741211,92.5999984741211,92.5500030517578,92.5500030517578,513,0.0,0.0
2025-08-06 14:05:00+02:00,92.5,92.5,92.3000030517578,92.3000030517578,6711,0.0,0.0
2025-08-06 14:10:00+02:00,92.3499984741211,92.5999984741211,92.3000030517578,92.5999984741211,582,0.0,0.0
2025-08-06 14:15:00+02:00,92.5999984741211,92.6500015258789,92.5999984741211,92.6500015258789,1275,0.0,0.0
2025-08-06 14:20:00+02:00,92.6500015258789,92.6500015258789,92.4000015258789,92.4000015258789,5618,0.0,0.0
2025-08-06 14:25:00+02:00,92.3499984741211,92.4499969482422,92.3000030517578,92.4499969482422,749,0.0,0.0
2025-08-06 14:30:00+02:00,92.5999984741211,92.5999984741211,92.5,92.5500030517578,1227,0.0,0.0
2025-08-06 14:35:00+02:00,92.5500030517578,92.5999984741211,92.5,92.5999984741211,949,0.0,0.0
2025-08-06 14:40:00+02:00,92.6999969482422,92.6999969482422,92.5500030517578,92.5500030517578,1002,0.0,0.0
2025-08-06 14:45:00+02:00,92.75,92.75,92.5999984741211,92.6500015258789,1268,0.0,0.0
2025-08-06 14:50:00+02:00,92.5999984741211,92.6500015258789,92.5999984741211,92.5999984741211,562,0.0,0.0
2025-08-06 14:55:00+02:00,92.6500015258789,92.6999969482422,92.5999984741211,92.6999969482422,497,0.0,0.0
2025-08-06 15:00:00+02:00,92.5999984741211,92.75,92.5999984741211,92.6999969482422,515,0.0,0.0
2025-08-06 15:05:00+02:00,92.6500015258789,92.6500015258789,92.5,92.5,1126,0.0,0.0
2025-08-06 15:10:00+02:00,92.5500030517578,92.5500030517578,92.5,92.5,1209,0.0,0.0
2025-08-06 15:15:00+02:00,92.5500030517578,92.6500015258789,92.5500030517578,92.6500015258789,136,0.0,0.0
2025-08-06 15:20:00+02:00,92.5999984741211,92.5999984741211,92.3000030517578,92.3499984741211,2606,0.0,0.0
2025-08-06 15:25:00+02:00,92.4000015258789,92.4000015258789,92.3000030517578,92.3499984741211,348,0.0,0.0
2025-08-06 15:30:00+02:00,92.4499969482422,93.0500030517578,92.4000015258789,93.0,2656,0.0,0.0
2025-08-06 15:35:00+02:00,93.0500030517578,93.0500030517578,92.5999984741211,92.5999984741211,1968,0.0,0.0
2025-08-06 15:40:00+02:00,92.5999984741211,92.5999984741211,92.4000015258789,92.4000015258789,494,0.0,0.0
2025-08-06 15:45:00+02:00,92.5500030517578,93.0999984741211,92.5,93.0999984741211,904,0.0,0.0
2025-08-06 15:50:00+02:00,93.0500030517578,93.0500030517578,92.75,92.75,3512,0.0,0.0
2025-08-06 15:55:00+02:00,92.75,92.9000015258789,92.6999969482422,92.75,1318,0.0,0.0
2025-08-06 16:00:00+02:00,92.6999969482422,92.9000015258789,92.5,92.6500015258789,5243,0.0,0.0
2025-08-06 16:05:00+02:00,92.6999969482422,93.1500015258789,92.6999969482422,93.0,6819,0.0,0.0
2025-08-06 16:10:00+02:00,93.0,93.5,93.0,93.3499984741211,3682,0.0,0.0
2025-08-06 16:15:00+02:00,93.4000015258789,93.5,93.3499984741211,93.4000015258789,1040,0.0,0.0
2025-08-06 16:20:00+02:00,93.3499984741211,93.3499984741211,93.1999969482422,93.25,1958,0.0,0.0
2025-08-06 16:25:00+02:00,93.1500015258789,93.1999969482422,93.0500030517578,93.1500015258789,2866,0.0,0.0
2025-08-06 16:30:00+02:00,93.1500015258789,93.4499969482422,93.1500015258789,93.4000015258789,1774,0.0,0.0
2025-08-06 16:35:00+02:00,93.4000015258789,93.5999984741211,93.4000015258789,93.5999984741211,915,0.0,0.0
2025-08-06 16:40:00+02:00,93.5999984741211,93.5999984741211,93.5500030517578,93.5500030517578,4047,0.0,0.0
2025-08-06 16:45:00+02:00,93.5,93.5,93.3499984741211,93.3499984741211,2229,0.0,0.0
2025-08-06 16:50:00+02:00,93.4000015258789,93.4000015258789,93.3499984741211,93.4000015258789,1029,0.0,0.0
2025-08-06 16:55:00+02:00,93.4499969482422,93.75,93.4499969482422,93.6500015258789,4615,0.0,0.0
2025-08-06 17:00:00+02:00,93.6999969482422,93.8000030517578,93.6999969482422,93.8000030517578,1627,0.0,0.0
2025-08-06 17:05:00+02:00,93.8499984741211,94.0500030517578,93.8499984741211,94.0,1895,0.0,0.0
2025-08-06 17:10:00+02:00,94.0500030517578,94.1500015258789,93.8000030517578,93.8000030517578,5461,0.0,0.0
2025-08-06 17:15:00+02:00,93.8499984741211,94.1999969482422,93.8499984741211,94.0999984741211,2934,0.0,0.0
2025-08-06 17:20:00+02:00,94.0500030517578,94.0500030517578,93.9000015258789,93.9499969482422,7134,0.0,0.0
2025-08-06 17:25:00+02:00,94.0,94.0999984741211,94.0,94.0999984741211,5418,0.0,0.0
2025-08-07 09:00:00+02:00,92.75,92.75,90.8499984741211,91.5500030517578,14445,0.0,0.0
2025-08-07 09:05:00+02:00,91.5,91.5,90.25,91.0999984741211,13261,0.0,0.0
2025-08-07 09:10:00+02:00,91.1500015258789,91.8000030517578,90.4000015258789,91.8000030517578,11198,0.0,0.0
2025-08-07 09:15:00+02:00,91.75,92.0999984741211,91.4499969482422,92.0999984741211,6896,0.0,0.0
2025-08-07 09:20:00+02:00,92.0,92.4499969482422,91.8499984741211,92.0999984741211,8320,0.0,0.0
2025-08-07 09:25:00+02:00,92.0500030517578,92.6999969482422,92.0500030517578,92.4000015258789,6008,0.0,0.0
2025-08-07 09:30:00+02:00,92.6500015258789,92.8499984741211,92.4499969482422,92.8000030517578,11213,0.0,0.0
2025-08-07 09:35:00+02:00,92.6500015258789,93.0,92.5999984741211,92.9000015258789,8513,0.0,0.0
2025-08-07 09:40:00+02:00,92.9499969482422,93.25,92.8499984741211,92.8499984741211,3505,0.0,0.0
2025-08-07 09:45:00+02:00,92.6999969482422,93.4000015258789,92.6999969482422,92.6999969482422,9704,0.0,0.0
2025-08-07 09:50:00+02:00,92.8000030517578,93.0500030517578,92.6999969482422,92.8000030517578,2305,0.0,0.0
2025-08-07 09:55:00+02:00,92.9499969482422,92.9499969482422,92.8499984741211,92.9499969482422,598,0.0,0.0
2025-08-07 10:00:00+02:00,92.8499984741211,92.8499984741211,91.5999984741211,92.5,4403,0.0,0.0
2025-08-07 10:05:00+02:00,92.5,92.5500030517578,92.0500030517578,92.5500030517578,2328,0.0,0.0
2025-08-07 10:10:00+02:00,92.5999984741211,92.8499984741211,92.1500015258789,92.1500015258789,1747,0.0,0.0
2025-08-07 10:15:00+02:00,92.1999969482422,92.6999969482422,92.0500030517578,92.0500030517578,452,0.0,0.0
2025-08-07 10:20:00+02:00,92.0,92.0,91.5500030517578,92.0,3764,0.0,0.0
2025-08-07 10:25:00+02:00,91.8000030517578,91.8000030517578,91.8000030517578,91.8000030517578,0,0.0,0.0
2025-08-07 10:30:00+02:00,91.5,91.5999984741211,91.0,91.0,1387,0.0,0.0
2025-08-07 10:35:00+02:00,91.0,91.0,91.0,91.0,0,0.0,0.0
2025-08-07 10:40:00+02:00,91.3499984741211,91.5999984741211,91.1999969482422,91.3000030517578,2025,0.0,0.0
2025-08-07 10:45:00+02:00,91.25,91.3000030517578,91.1500015258789,91.1999969482422,925,0.0,0.0
2025-08-07 10:50:00+02:00,91.1999969482422,91.5500030517578,91.0500030517578,91.3000030517578,2871,0.0,0.0
2025-08-07 10:55:00+02:00,91.25,91.25,91.25,91.25,0,0.0,0.0
2025-08-07 11:00:00+02:00,90.8000030517578,90.8000030517578,90.05000305175781,90.1500015258789,5659,0.0,0.0
2025-08-07 11:05:00+02:00,90.3000030517578,90.3000030517578,90.3000030517578,90.3000030517578,0,0.0,0.0
2025-08-07 11:10:00+02:00,90.25,90.5500030517578,89.6500015258789,90.5500030517578,0,0.0,0.0
2025-08-07 11:15:00+02:00,90.6999969482422,90.75,89.44999694824219,89.9000015258789,9163,0.0,0.0
2025-08-07 11:20:00+02:00,89.94999694824219,90.5,89.8499984741211,90.1500015258789,4930,0.0,0.0
2025-08-07 11:25:00+02:00,90.1999969482422,90.4000015258789,89.8499984741211,89.8499984741211,5933,0.0,0.0
2025-08-07 11:30:00+02:00,89.8499984741211,90.1500015258789,89.80000305175781,89.8499984741211,4401,0.0,0.0
2025-08-07 11:35:00+02:00,89.9000015258789,90.1500015258789,89.5999984741211,90.0,6361,0.0,0.0
2025-08-07 11:40:00+02:00,89.94999694824219,90.1500015258789,89.5,89.5,2518,0.0,0.0
2025-08-07 11:45:00+02:00,89.55000305175781,90.05000305175781,89.5,89.5999984741211,4761,0.0,0.0
2025-08-07 11:50:00+02:00,89.6500015258789,90.25,89.6500015258789,90.25,2578,0.0,0.0
2025-08-07 11:55:00+02:00,90.25,90.3499984741211,90.05000305175781,90.1500015258789,3931,0.0,0.0
2025-08-07 12:00:00+02:00,90.25,90.5999984741211,90.25,90.4000015258789,2859,0.0,0.0
2025-08-07 12:05:00+02:00,90.3000030517578,90.5500030517578,90.3000030517578,90.5500030517578,1790,0.0,0.0
2025-08-07 12:10:00+02:00,90.4000015258789,90.4499969482422,90.25,90.4000015258789,1596,0.0,0.0
2025-08-07 12:15:00+02:00,90.4000015258789,90.5,90.25,90.5,1863,0.0,0.0
2025-08-07 12:20:00+02:00,90.5500030517578,90.5500030517578,90.25,90.3499984741211,7850,0.0,0.0
2025-08-07 12:25:00+02:00,90.3499984741211,90.5,90.3000030517578,90.3000030517578,2940,0.0,0.0
2025-08-07 12:30:00+02:00,90.25,90.25,90.1999969482422,90.25,425,0.0,0.0
2025-08-07 12:35:00+02:00,90.25,90.25,89.9000015258789,89.9000015258789,4368,0.0,0.0
2025-08-07 12:40:00+02:00,89.94999694824219,90.25,89.94999694824219,90.0,2622,0.0,0.0
2025-08-07 12:45:00+02:00,90.0,90.0,89.5,89.55000305175781,3306,0.0,0.0
2025-08-07 12:50:00+02:00,89.5999984741211,90.05000305175781,89.5999984741211,89.80000305175781,1839,0.0,0.0
2025-08-07 12:55:00+02:00,89.80000305175781,89.8499984741211,89.75,89.80000305175781,1504,0.0,0.0
2025-08-07 13:00:00+02:00,89.5999984741211,89.75,89.3499984741211,89.5999984741211,9738,0.0,0.0
2025-08-07 13:05:00+02:00,89.55000305175781,89.94999694824219,89.55000305175781,89.80000305175781,1541,0.0,0.0
2025-08-07 13:10:00+02:00,89.75,89.9000015258789,89.6500015258789,89.8499984741211,1767,0.0,0.0
2025-08-07 13:15:00+02:00,89.9000015258789,90.0,89.75,89.75,2064,0.0,0.0
2025-08-07 13:20:00+02:00,89.6500015258789,89.9000015258789,89.6500015258789,89.80000305175781,747,0.0,0.0
2025-08-07 13:25:00+02:00,89.75,89.80000305175781,89.55000305175781,89.55000305175781,7370,0.0,0.0
2025-08-07 13:30:00+02:00,89.5999984741211,89.5999984741211,89.4000015258789,89.4000015258789,2075,0.0,0.0
2025-08-07 13:35:00+02:00,89.44999694824219,89.6500015258789,89.4000015258789,89.6500015258789,1719,0.0,0.0
2025-08-07 13:40:00+02:00,89.69999694824219,89.69999694824219,89.55000305175781,89.5999984741211,2241,0.0,0.0
2025-08-07 13:45:00+02:00,89.5999984741211,90.1500015258789,89.55000305175781,90.1500015258789,2850,0.0,0.0
2025-08-07 13:50:00+02:00,90.1999969482422,90.5999984741211,90.1999969482422,90.3499984741211,3810,0.0,0.0
2025-08-07 13:55:00+02:00,90.4000015258789,90.5999984741211,90.05000305175781,90.1500015258789,2628,0.0,0.0
2025-08-07 14:00:00+02:00,90.1500015258789,90.1999969482422,90.0,90.0999984741211,754,0.0,0.0
2025-08-07 14:05:00+02:00,90.05000305175781,90.3499984741211,90.0,90.25,3115,0.0,0.0
2025-08-07 14:10:00+02:00,90.25,90.5500030517578,90.1500015258789,90.25,2087,0.0,0.0
2025-08-07 14:15:00+02:00,90.1500015258789,90.1500015258789,89.8499984741211,90.05000305175781,2189,0.0,0.0
2025-08-07 14:20:00+02:00,90.0999984741211,90.3499984741211,90.0999984741211,90.1999969482422,1423,0.0,0.0
2025-08-07 14:25:00+02:00,90.1500015258789,90.1500015258789,89.9000015258789,89.94999694824219,2174,0.0,0.0
2025-08-07 14:30:00+02:00,89.94999694824219,90.1500015258789,89.6500015258789,90.1500015258789,5797,0.0,0.0
2025-08-07 14:35:00+02:00,90.0999984741211,90.5999984741211,90.0999984741211,90.4499969482422,5201,0.0,0.0
2025-08-07 14:40:00+02:00,90.5500030517578,90.5500030517578,90.4499969482422,90.5500030517578,1559,0.0,0.0
2025-08-07 14:45:00+02:00,90.5500030517578,90.5500030517578,89.9000015258789,90.05000305175781,1177,0.0,0.0
2025-08-07 14:50:00+02:00,89.94999694824219,89.94999694824219,89.19999694824219,89.3499984741211,10681,0.0,0.0
2025-08-07 14:55:00+02:00,89.30000305175781,89.55000305175781,89.25,89.3499984741211,1534,0.0,0.0
2025-08-07 15:00:00+02:00,89.3499984741211,89.75,89.3499984741211,89.69999694824219,1571,0.0,0.0
2025-08-07 15:05:00+02:00,89.69999694824219,89.69999694824219,89.1500015258789,89.25,4144,0.0,0.0
2025-08-07 15:10:00+02:00,89.30000305175781,89.5999984741211,89.25,89.5999984741211,2788,0.0,0.0
2025-08-07 15:15:00+02:00,89.55000305175781,89.9000015258789,89.5,89.9000015258789,1697,0.0,0.0
2025-08-07 15:20:00+02:00,89.8499984741211,90.05000305175781,89.75,90.05000305175781,2723,0.0,0.0
2025-08-07 15:25:00+02:00,90.0999984741211,90.1500015258789,90.05000305175781,90.1500015258789,611,0.0,0.0
2025-08-07 15:30:00+02:00,90.05000305175781,90.05000305175781,89.4000015258789,89.4000015258789,2696,0.0,0.0
2025-08-07 15:35:00+02:00,89.44999694824219,89.44999694824219,89.05000305175781,89.30000305175781,7311,0.0,0.0
2025-08-07 15:40:00+02:00,89.30000305175781,89.5,89.30000305175781,89.44999694824219,3099,0.0,0.0
2025-08-07 15:45:00+02:00,89.44999694824219,89.6500015258789,89.3499984741211,89.3499984741211,2179,0.0,0.0
2025-08-07 15:50:00+02:00,89.4000015258789,89.5,89.0999984741211,89.1500015258789,1980,0.0,0.0
2025-08-07 15:55:00+02:00,89.1500015258789,89.44999694824219,89.0999984741211,89.19999694824219,1608,0.0,0.0
2025-08-07 16:00:00+02:00,89.05000305175781,89.75,89.05000305175781,89.69999694824219,2342,0.0,0.0
2025-08-07 16:05:00+02:00,89.80000305175781,89.8499984741211,88.94999694824219,89.05000305175781,8405,0.0,0.0
2025-08-07 16:10:00+02:00,89.0999984741211,89.30000305175781,89.05000305175781,89.30000305175781,2832,0.0,0.0
2025-08-07 16:15:00+02:00,89.4000015258789,89.5999984741211,89.3499984741211,89.5999984741211,2788,0.0,0.0
2025-08-07 16:20:00+02:00,89.55000305175781,89.9000015258789,89.4000015258789,89.8499984741211,4741,0.0,0.0
2025-08-07 16:25:00+02:00,89.75,89.9000015258789,89.5999984741211,89.6500015258789,1849,0.0,0.0
2025-08-07 16:30:00+02:00,89.6500015258789,90.0,89.6500015258789,89.94999694824219,2338,0.0,0.0
2025-08-07 16:35:00+02:00,90.0,90.0,89.80000305175781,89.9000015258789,4586,0.0,0.0
2025-08-07 16:40:00+02:00,89.94999694824219,89.94999694824219,89.6500015258789,89.6500015258789,3196,0.0,0.0
2025-08-07 16:45:00+02:00,89.69999694824219,89.94999694824219,89.69999694824219,89.9000015258789,1949,0.0,0.0
2025-08-07 16:50:00+02:00,89.94999694824219,92.1999969482422,89.94999694824219,91.6500015258789,46670,0.0,0.0
2025-08-07 16:55:00+02:00,91.0,91.5,90.8000030517578,91.1999969482422,32909,0.0,0.0
2025-08-07 17:00:00+02:00,91.1999969482422,91.25,90.75,91.25,8365,0.0,0.0
2025-08-07 17:05:00+02:00,91.1999969482422,91.3000030517578,90.8000030517578,90.9000015258789,6852,0.0,0.0
2025-08-07 17:10:00+02:00,90.9499969482422,91.0,90.5999984741211,90.6500015258789,2772,0.0,0.0
2025-08-07 17:15:00+02:00,90.5999984741211,91.0,90.5999984741211,90.5999984741211,2605,0.0,0.0
2025-08-07 17:20:00+02:00,90.5999984741211,90.6999969482422,90.1999969482422,90.3499984741211,8376,0.0,0.0
2025-08-07 17:25:00+02:00,90.3000030517578,90.4000015258789,90.05000305175781,90.4000015258789,14150,0.0,0.0
2025-08-08 09:00:00+02:00,89.3499984741211,90.1500015258789,88.80000305175781,88.94999694824219,0,0.0,0.0
2025-08-08 09:05:00+02:00,89.0999984741211,90.1999969482422,89.0999984741211,89.55000305175781,15911,0.0,0.0
2025-08-08 09:10:00+02:00,89.5999984741211,90.1999969482422,89.5999984741211,90.1999969482422,6357,0.0,0.0
2025-08-08 09:15:00+02:00,90.0999984741211,90.25,89.94999694824219,90.1999969482422,2056,0.0,0.0
2025-08-08 09:20:00+02:00,90.1999969482422,90.8000030517578,90.1500015258789,90.4000015258789,3531,0.0,0.0
2025-08-08 09:25:00+02:00,90.25,90.5500030517578,90.1999969482422,90.25,2544,0.0,0.0
2025-08-08 09:30:00+02:00,90.4000015258789,90.5,90.25,90.25,3240,0.0,0.0
2025-08-08 09:35:00+02:00,90.05000305175781,90.05000305175781,89.69999694824219,90.0,5352,0.0,0.0
2025-08-08 09:40:00+02:00,90.0,90.0,89.05000305175781,89.25,16167,0.0,0.0
2025-08-08 09:45:00+02:00,89.3499984741211,89.6500015258789,89.3499984741211,89.44999694824219,9657,0.0,0.0
2025-08-08 09:50:00+02:00,89.44999694824219,89.8499984741211,89.3499984741211,89.80000305175781,1727,0.0,0.0
2025-08-08 09:55:00+02:00,89.80000305175781,90.0999984741211,89.75,89.80000305175781,4077,0.0,0.0
2025-08-08 10:00:00+02:00,89.75,90.0999984741211,89.5999984741211,90.0999984741211,3343,0.0,0.0
2025-08-08 10:05:00+02:00,90.05000305175781,90.1500015258789,89.8499984741211,90.0999984741211,5187,0.0,0.0
2025-08-08 10:10:00+02:00,90.05000305175781,90.1500015258789,89.8499984741211,90.05000305175781,1698,0.0,0.0
2025-08-08 10:15:00+02:00,90.0,90.05000305175781,89.69999694824219,89.80000305175781,7859,0.0,0.0
2025-08-08 10:20:00+02:00,89.9000015258789,90.1999969482422,89.9000015258789,90.05000305175781,5323,0.0,0.0
2025-08-08 10:25:00+02:00,90.05000305175781,90.05000305175781,89.80000305175781,89.9000015258789,4010,0.0,0.0
2025-08-08 10:30:00+02:00,89.94999694824219,90.4000015258789,89.94999694824219,90.4000015258789,3377,0.0,0.0
2025-08-08 10:35:00+02:00,90.3000030517578,90.6500015258789,90.25,90.5500030517578,2920,0.0,0.0
2025-08-08 10:40:00+02:00,90.5999984741211,90.6999969482422,90.5,90.6999969482422,3000,0.0,0.0
2025-08-08 10:45:00+02:00,90.5500030517578,90.5999984741211,90.5500030517578,90.5999984741211,1094,0.0,0.0
2025-08-08 10:50:00+02:00,90.6999969482422,90.9000015258789,90.5500030517578,90.6500015258789,2774,0.0,0.0
2025-08-08 10:55:00+02:00,90.5999984741211,90.5999984741211,90.4499969482422,90.5999984741211,1581,0.0,0.0
2025-08-08 11:00:00+02:00,90.8499984741211,91.0500030517578,90.5999984741211,90.5999984741211,8911,0.0,0.0
2025-08-08 11:05:00+02:00,90.5500030517578,90.6999969482422,90.4000015258789,90.4499969482422,2539,0.0,0.0
2025-08-08 11:10:00+02:00,90.4000015258789,90.5500030517578,90.4000015258789,90.5,1114,0.0,0.0
2025-08-08 11:15:00+02:00,90.5999984741211,90.6500015258789,90.5,90.5500030517578,2984,0.0,0.0
2025-08-08 11:20:00+02:00,90.5500030517578,90.8499984741211,90.5,90.8499984741211,1273,0.0,0.0
2025-08-08 11:25:00+02:00,90.9000015258789,90.9000015258789,90.6500015258789,90.6500015258789,633,0.0,0.0
2025-08-08 11:30:00+02:00,90.75,90.8499984741211,90.6999969482422,90.8000030517578,850,0.0,0.0
2025-08-08 11:35:00+02:00,90.75,90.75,90.4499969482422,90.5500030517578,1693,0.0,0.0
2025-08-08 11:40:00+02:00,90.5,90.6999969482422,90.5,90.6999969482422,532,0.0,0.0
2025-08-08 11:45:00+02:00,90.6999969482422,90.75,90.5999984741211,90.6500015258789,634,0.0,0.0
2025-08-08 11:50:00+02:00,90.5500030517578,90.6999969482422,90.5500030517578,90.6999969482422,920,0.0,0.0
2025-08-08 11:55:00+02:00,90.5500030517578,90.5500030517578,90.3499984741211,90.4499969482422,783,0.0,0.0
2025-08-08 12:00:00+02:00,90.4499969482422,90.6500015258789,90.4499969482422,90.4499969482422,1492,0.0,0.0
2025-08-08 12:05:00+02:00,90.5,90.5500030517578,90.4000015258789,90.5500030517578,1357,0.0,0.0
2025-08-08 12:10:00+02:00,90.5999984741211,90.6500015258789,90.5,90.5,755,0.0,0.0
2025-08-08 12:15:00+02:00,90.5,90.8000030517578,90.5,90.8000030517578,949,0.0,0.0
2025-08-08 12:20:00+02:00,90.75,90.8000030517578,90.5999984741211,90.6500015258789,428,0.0,0.0
2025-08-08 12:25:00+02:00,90.6500015258789,90.8000030517578,90.6500015258789,90.6999969482422,1051,0.0,0.0
2025-08-08 12:30:00+02:00,90.75,90.8000030517578,90.6500015258789,90.8000030517578,261,0.0,0.0
2025-08-08 12:35:00+02:00,90.8000030517578,90.8000030517578,90.75,90.75,808,0.0,0.0
2025-08-08 12:40:00+02:00,90.8000030517578,90.9499969482422,90.75,90.75,2057,0.0,0.0
2025-08-08 12:45:00+02:00,90.8000030517578,90.9000015258789,90.8000030517578,90.8499984741211,1381,0.0,0.0
2025-08-08 12:50:00+02:00,90.8000030517578,91.0999984741211,90.75,90.9499969482422,5847,0.0,0.0
2025-08-08 12:55:00+02:00,90.9499969482422,91.0500030517578,90.9499969482422,91.0500030517578,502,0.0,0.0
2025-08-08 13:00:00+02:00,91.0999984741211,91.0999984741211,90.8499984741211,90.9499969482422,1598,0.0,0.0
2025-08-08 13:05:00+02:00,90.9499969482422,90.9499969482422,90.8000030517578,90.8000030517578,653,0.0,0.0
2025-08-08 13:10:00+02:00,90.9000015258789,91.1500015258789,90.9000015258789,91.1500015258789,1579,0.0,0.0
2025-08-08 13:15:00+02:00,91.0999984741211,91.1500015258789,91.0999984741211,91.1500015258789,324,0.0,0.0
2025-08-08 13:20:00+02:00,91.0999984741211,91.0999984741211,90.9499969482422,90.9499969482422,206,0.0,0.0
2025-08-08 13:25:00+02:00,90.9499969482422,90.9499969482422,90.9000015258789,90.9499969482422,263,0.0,0.0
2025-08-08 13:30:00+02:00,91.0,91.0,90.9000015258789,90.9000015258789,347,0.0,0.0
2025-08-08 13:35:00+02:00,91.0,91.0500030517578,91.0,91.0500030517578,213,0.0,0.0
2025-08-08 13:40:00+02:00,91.0999984741211,91.0999984741211,90.9000015258789,90.9000015258789,831,0.0,0.0
2025-08-08 13:45:00+02:00,91.0,91.0,90.6999969482422,90.8499984741211,5589,0.0,0.0
2025-08-08 13:50:00+02:00,90.8499984741211,90.8499984741211,90.8000030517578,90.8499984741211,1081,0.0,0.0
2025-08-08 13:55:00+02:00,90.8000030517578,90.9000015258789,90.8000030517578,90.8499984741211,1128,0.0,0.0
2025-08-08 14:00:00+02:00,90.8499984741211,90.8499984741211,90.5999984741211,90.5999984741211,1250,0.0,0.0
2025-08-08 14:05:00+02:00,90.6999969482422,90.8000030517578,90.5999984741211,90.75,1604,0.0,0.0
2025-08-08 14:10:00+02:00,90.75,90.75,90.6999969482422,90.75,1196,0.0,0.0
2025-08-08 14:15:00+02:00,90.75,90.75,90.3000030517578,90.3000030517578,2524,0.0,0.0
2025-08-08 14:20:00+02:00,90.1999969482422,90.3499984741211,90.0999984741211,90.1500015258789,9071,0.0,0.0
2025-08-08 14:25:00+02:00,90.0999984741211,90.5,90.05000305175781,90.5,1663,0.0,0.0
2025-08-08 14:30:00+02:00,90.5500030517578,90.5500030517578,90.3499984741211,90.3499984741211,1316,0.0,0.0
2025-08-08 14:35:00+02:00,90.25,90.5,90.1999969482422,90.5,1159,0.0,0.0
2025-08-08 14:40:00+02:00,90.5,90.8000030517578,90.4499969482422,90.5500030517578,3342,0.0,0.0
2025-08-08 14:45:00+02:00,90.5500030517578,90.5999984741211,90.0999984741211,90.1999969482422,1282,0.0,0.0
2025-08-08 14:50:00+02:00,90.25,90.4000015258789,90.25,90.4000015258789,373,0.0,0.0
2025-08-08 14:55:00+02:00,90.4499969482422,90.4499969482422,90.25,90.25,514,0.0,0.0
2025-08-08 15:00:00+02:00,90.1999969482422,90.4000015258789,90.05000305175781,90.3000030517578,890,0.0,0.0
2025-08-08 15:05:00+02:00,90.3000030517578,90.3000030517578,90.05000305175781,90.0999984741211,566,0.0,0.0
2025-08-08 15:10:00+02:00,90.1500015258789,90.1500015258789,90.05000305175781,90.1500015258789,372,0.0,0.0
2025-08-08 15:15:00+02:00,90.05000305175781,90.05000305175781,90.05000305175781,90.05000305175781,350,0.0,0.0
2025-08-08 15:20:00+02:00,90.05000305175781,90.05000305175781,89.8499984741211,89.9000015258789,2324,0.0,0.0
2025-08-08 15:25:00+02:00,89.9000015258789,89.9000015258789,89.80000305175781,89.80000305175781,853,0.0,0.0
2025-08-08 15:30:00+02:00,89.8499984741211,89.9000015258789,89.4000015258789,89.44999694824219,3784,0.0,0.0
2025-08-08 15:35:00+02:00,89.55000305175781,89.6500015258789,89.5,89.6500015258789,1659,0.0,0.0
2025-08-08 15:40:00+02:00,89.6500015258789,89.75,89.44999694824219,89.5999984741211,6143,0.0,0.0
2025-08-08 15:45:00+02:00,89.69999694824219,89.69999694824219,89.5,89.5,880,0.0,0.0
2025-08-08 15:50:00+02:00,89.3499984741211,89.5,89.30000305175781,89.30000305175781,1301,0.0,0.0
2025-08-08 15:55:00+02:00,89.3499984741211,89.44999694824219,88.94999694824219,89.0999984741211,4293,0.0,0.0
2025-08-08 16:00:00+02:00,89.0999984741211,89.25,89.05000305175781,89.25,2353,0.0,0.0
2025-08-08 16:05:00+02:00,89.30000305175781,89.30000305175781,87.44999694824219,87.94999694824219,39521,0.0,0.0
2025-08-08 16:10:00+02:00,88.1500015258789,88.75,87.9000015258789,88.19999694824219,15290,0.0,0.0
2025-08-08 16:15:00+02:00,88.25,88.4000015258789,86.8499984741211,87.1500015258789,36939,0.0,0.0
2025-08-08 16:20:00+02:00,86.8499984741211,88.25,86.3499984741211,87.94999694824219,31783,0.0,0.0
2025-08-08 16:25:00+02:00,87.9000015258789,88.0,86.25,87.25,24229,0.0,0.0
2025-08-08 16:30:00+02:00,87.30000305175781,87.44999694824219,85.69999694824219,85.69999694824219,30563,0.0,0.0
2025-08-08 16:35:00+02:00,85.80000305175781,86.55000305175781,85.05000305175781,86.25,38222,0.0,0.0
2025-08-08 16:40:00+02:00,86.1500015258789,86.1500015258789,85.30000305175781,86.0,17242,0.0,0.0
2025-08-08 16:45:00+02:00,85.8499984741211,86.1500015258789,84.69999694824219,84.69999694824219,21250,0.0,0.0
2025-08-08 16:50:00+02:00,84.6500015258789,85.0,83.30000305175781,83.80000305175781,63443,0.0,0.0
2025-08-08 16:55:00+02:00,83.8499984741211,85.5,83.8499984741211,85.30000305175781,53543,0.0,0.0
2025-08-08 17:00:00+02:00,85.25,85.30000305175781,84.6500015258789,84.75,20723,0.0,0.0
2025-08-08 17:05:00+02:00,84.9000015258789,84.94999694824219,84.1500015258789,84.5999984741211,12424,0.0,0.0
2025-08-08 17:10:00+02:00,84.5999984741211,85.0999984741211,84.44999694824219,85.05000305175781,23949,0.0,0.0
2025-08-08 17:15:00+02:00,84.9000015258789,85.4000015258789,84.9000015258789,85.30000305175781,12432,0.0,0.0
2025-08-08 17:20:00+02:00,85.25,85.25,84.5999984741211,84.80000305175781,13081,0.0,0.0
2025-08-08 17:25:00+02:00,84.8499984741211,85.4000015258789,84.75,85.30000305175781,22281,0.0,0.0
2025-08-11 09:00:00+02:00,81.3499984741211,82.9000015258789,81.0,82.4000015258789,26796,0.0,0.0
2025-08-11 09:05:00+02:00,82.55000305175781,83.0999984741211,82.44999694824219,83.0999984741211,20970,0.0,0.0
2025-08-11 09:10:00+02:00,83.55000305175781,84.1500015258789,83.30000305175781,84.1500015258789,4759,0.0,0.0
2025-08-11 09:15:00+02:00,83.94999694824219,84.4000015258789,83.9000015258789,84.05000305175781,5086,0.0,0.0
2025-08-11 09:20:00+02:00,84.55000305175781,84.5999984741211,84.25,84.4000015258789,3350,0.0,0.0
2025-08-11 09:25:00+02:00,84.55000305175781,84.55000305175781,84.0999984741211,84.25,6913,0.0,0.0
2025-08-11 09:30:00+02:00,84.4000015258789,84.75,84.30000305175781,84.5999984741211,4143,0.0,0.0
2025-08-11 09:35:00+02:00,83.5999984741211,84.3499984741211,83.4000015258789,84.3499984741211,4929,0.0,0.0
2025-08-11 09:40:00+02:00,84.3499984741211,84.4000015258789,83.9000015258789,84.19999694824219,4325,0.0,0.0
2025-08-11 09:45:00+02:00,84.30000305175781,84.55000305175781,84.25,84.30000305175781,1906,0.0,0.0
2025-08-11 09:50:00+02:00,83.80000305175781,84.1500015258789,83.5,84.1500015258789,1365,0.0,0.0
2025-08-11 09:55:00+02:00,84.0,84.0,83.69999694824219,83.69999694824219,616,0.0,0.0
2025-08-11 10:00:00+02:00,83.8499984741211,83.8499984741211,83.3499984741211,83.3499984741211,6275,0.0,0.0
2025-08-11 10:05:00+02:00,83.30000305175781,83.94999694824219,83.30000305175781,83.94999694824219,1418,0.0,0.0
2025-08-11 10:10:00+02:00,83.80000305175781,84.0,83.6500015258789,83.6500015258789,1238,0.0,0.0
2025-08-11 10:15:00+02:00,83.69999694824219,84.19999694824219,83.44999694824219,84.19999694824219,6077,0.0,0.0
2025-08-11 10:20:00+02:00,84.30000305175781,84.30000305175781,84.05000305175781,84.05000305175781,453,0.0,0.0
2025-08-11 10:25:00+02:00,83.94999694824219,84.25,83.94999694824219,84.1500015258789,2679,0.0,0.0
2025-08-11 10:30:00+02:00,84.0,84.05000305175781,83.5999984741211,83.5999984741211,1056,0.0,0.0
2025-08-11 10:35:00+02:00,83.80000305175781,83.8499984741211,83.6500015258789,83.6500015258789,493,0.0,0.0
2025-08-11 10:40:00+02:00,83.55000305175781,83.5999984741211,83.5,83.55000305175781,313,0.0,0.0
2025-08-11 10:45:00+02:00,83.5999984741211,83.69999694824219,83.5,83.69999694824219,992,0.0,0.0
2025-08-11 10:50:00+02:00,83.6500015258789,83.80000305175781,83.5999984741211,83.5999984741211,1033,0.0,0.0
2025-08-11 10:55:00+02:00,83.5999984741211,84.0999984741211,83.5999984741211,84.05000305175781,2921,0.0,0.0
2025-08-11 11:00:00+02:00,84.0,84.0,83.5999984741211,83.5999984741211,945,0.0,0.0
2025-08-11 11:05:00+02:00,83.6500015258789,84.0999984741211,83.5999984741211,84.05000305175781,3958,0.0,0.0
2025-08-11 11:10:00+02:00,84.0999984741211,84.0999984741211,84.0,84.0999984741211,0,0.0,0.0
2025-08-11 11:15:00+02:00,84.19999694824219,84.30000305175781,84.0,84.0999984741211,2440,0.0,0.0
2025-08-11 11:20:00+02:00,84.30000305175781,84.4000015258789,84.1500015258789,84.1500015258789,881,0.0,0.0
2025-08-11 11:25:00+02:00,84.44999694824219,84.44999694824219,84.19999694824219,84.4000015258789,741,0.0,0.0
2025-08-11 11:30:00+02:00,84.5999984741211,84.80000305175781,84.5999984741211,84.69999694824219,3817,0.0,0.0
2025-08-11 11:35:00+02:00,84.5999984741211,84.69999694824219,84.44999694824219,84.55000305175781,4497,0.0,0.0
2025-08-11 11:40:00+02:00,84.3499984741211,84.44999694824219,84.25,84.44999694824219,2964,0.0,0.0
2025-08-11 11:45:00+02:00,84.5999984741211,84.69999694824219,84.4000015258789,84.55000305175781,1034,0.0,0.0
2025-08-11 11:50:00+02:00,84.4000015258789,84.4000015258789,84.30000305175781,84.30000305175781,0,0.0,0.0
2025-08-11 11:55:00+02:00,84.4000015258789,84.55000305175781,84.25,84.25,541,0.0,0.0
2025-08-11 12:00:00+02:00,84.1500015258789,84.3499984741211,84.0999984741211,84.1500015258789,706,0.0,0.0
2025-08-11 12:05:00+02:00,84.1500015258789,84.30000305175781,84.1500015258789,84.25,562,0.0,0.0
2025-08-11 12:10:00+02:00,84.1500015258789,84.1500015258789,83.80000305175781,83.80000305175781,1940,0.0,0.0
2025-08-11 12:15:00+02:00,83.94999694824219,83.94999694824219,83.75,83.80000305175781,210,0.0,0.0
2025-08-11 12:20:00+02:00,83.9000015258789,84.30000305175781,83.9000015258789,84.30000305175781,2216,0.0,0.0
2025-08-11 12:25:00+02:00,84.19999694824219,84.19999694824219,84.0,84.0,250,0.0,0.0
2025-08-11 12:30:00+02:00,84.0999984741211,84.0999984741211,83.69999694824219,83.69999694824219,688,0.0,0.0
2025-08-11 12:35:00+02:00,83.75,83.80000305175781,83.75,83.80000305175781,0,0.0,0.0
2025-08-11 12:40:00+02:00,83.75,83.8499984741211,83.75,83.75,742,0.0,0.0
2025-08-11 12:45:00+02:00,83.75,83.9000015258789,83.6500015258789,83.6500015258789,604,0.0,0.0
2025-08-11 12:50:00+02:00,83.80000305175781,83.8499984741211,83.75,83.75,490,0.0,0.0
2025-08-11 12:55:00+02:00,83.75,83.94999694824219,83.75,83.94999694824219,51,0.0,0.0
2025-08-11 13:00:00+02:00,84.0,84.1500015258789,83.94999694824219,83.94999694824219,0,0.0,0.0
2025-08-11 13:05:00+02:00,84.05000305175781,84.0999984741211,83.94999694824219,84.05000305175781,764,0.0,0.0
2025-08-11 13:10:00+02:00,84.30000305175781,84.30000305175781,84.0999984741211,84.25,1319,0.0,0.0
2025-08-11 13:15:00+02:00,84.1500015258789,84.4000015258789,84.1500015258789,84.3499984741211,127,0.0,0.0
2025-08-11 13:20:00+02:00,84.3499984741211,84.3499984741211,84.0,84.0,959,0.0,0.0
2025-08-11 13:25:00+02:00,84.0,84.0,83.9000015258789,83.9000015258789,0,0.0,0.0
2025-08-11 13:30:00+02:00,84.05000305175781,84.19999694824219,84.0,84.19999694824219,764,0.0,0.0
2025-08-11 13:35:00+02:00,84.1500015258789,84.19999694824219,84.1500015258789,84.1500015258789,121,0.0,0.0
2025-08-11 13:40:00+02:00,84.19999694824219,84.25,83.8499984741211,83.8499984741211,616,0.0,0.0
2025-08-11 13:45:00+02:00,83.9000015258789,84.0999984741211,83.9000015258789,83.94999694824219,951,0.0,0.0
2025-08-11 13:50:00+02:00,84.1500015258789,84.30000305175781,84.0,84.0,2731,0.0,0.0
2025-08-11 13:55:00+02:00,84.05000305175781,84.1500015258789,84.0,84.0999984741211,531,0.0,0.0
2025-08-11 14:00:00+02:00,84.25,84.3499984741211,84.0999984741211,84.3499984741211,552,0.0,0.0
2025-08-11 14:05:00+02:00,84.30000305175781,84.30000305175781,84.1500015258789,84.1500015258789,2910,0.0,0.0
2025-08-11 14:10:00+02:00,84.0999984741211,84.30000305175781,84.0999984741211,84.25,1237,0.0,0.0
2025-08-11 14:15:00+02:00,84.3499984741211,84.4000015258789,84.0999984741211,84.3499984741211,944,0.0,0.0
2025-08-11 14:20:00+02:00,84.44999694824219,84.5999984741211,84.4000015258789,84.55000305175781,4363,0.0,0.0
2025-08-11 14:25:00+02:00,84.44999694824219,84.55000305175781,84.3499984741211,84.55000305175781,352,0.0,0.0
2025-08-11 14:30:00+02:00,84.75,84.75,84.5,84.5999984741211,99,0.0,0.0
2025-08-11 14:35:00+02:00,84.5,84.75,84.5,84.69999694824219,776,0.0,0.0
2025-08-11 14:40:00+02:00,84.69999694824219,84.69999694824219,84.55000305175781,84.55000305175781,381,0.0,0.0
2025-08-11 14:45:00+02:00,84.6500015258789,84.6500015258789,84.5,84.5,1466,0.0,0.0
2025-08-11 14:50:00+02:00,84.5999984741211,84.80000305175781,84.55000305175781,84.80000305175781,1171,0.0,0.0
2025-08-11 14:55:00+02:00,84.75,84.80000305175781,84.5,84.5,235,0.0,0.0
2025-08-11 15:00:00+02:00,84.55000305175781,84.5999984741211,84.5,84.5,1611,0.0,0.0
2025-08-11 15:05:00+02:00,84.55000305175781,84.55000305175781,84.30000305175781,84.44999694824219,4418,0.0,0.0
2025-08-11 15:10:00+02:00,84.5,84.55000305175781,84.4000015258789,84.4000015258789,311,0.0,0.0
2025-08-11 15:15:00+02:00,84.4000015258789,84.5,84.3499984741211,84.5,305,0.0,0.0
2025-08-11 15:20:00+02:00,84.5,84.5999984741211,84.44999694824219,84.44999694824219,628,0.0,0.0
2025-08-11 15:25:00+02:00,84.5999984741211,84.5999984741211,84.5,84.5,416,0.0,0.0
2025-08-11 15:30:00+02:00,84.6500015258789,84.69999694824219,84.1500015258789,84.1500015258789,1666,0.0,0.0
2025-08-11 15:35:00+02:00,84.25,84.4000015258789,84.19999694824219,84.4000015258789,586,0.0,0.0
2025-08-11 15:40:00+02:00,84.55000305175781,84.75,84.55000305175781,84.75,3060,0.0,0.0
2025-08-11 15:45:00+02:00,84.75,84.80000305175781,84.6500015258789,84.80000305175781,1180,0.0,0.0
2025-08-11 15:50:00+02:00,84.8499984741211,85.0999984741211,84.55000305175781,84.55000305175781,2230,0.0,0.0
2025-08-11 15:55:00+02:00,84.55000305175781,84.69999694824219,84.4000015258789,84.6500015258789,3688,0.0,0.0
2025-08-11 16:00:00+02:00,84.55000305175781,84.55000305175781,84.25,84.3499984741211,779,0.0,0.0
2025-08-11 16:05:00+02:00,84.44999694824219,84.5,84.19999694824219,84.3499984741211,7036,0.0,0.0
2025-08-11 16:10:00+02:00,84.4000015258789,84.6500015258789,84.4000015258789,84.55000305175781,1332,0.0,0.0
2025-08-11 16:15:00+02:00,84.6500015258789,84.75,84.5,84.5999984741211,1065,0.0,0.0
2025-08-11 16:20:00+02:00,84.5999984741211,84.5999984741211,84.30000305175781,84.4000015258789,1327,0.0,0.0
2025-08-11 16:25:00+02:00,84.55000305175781,84.6500015258789,84.5,84.5999984741211,3505,0.0,0.0
2025-08-11 16:30:00+02:00,84.55000305175781,84.5999984741211,84.5,84.5,547,0.0,0.0
2025-08-11 16:35:00+02:00,84.5999984741211,84.75,84.5999984741211,84.6500015258789,381,0.0,0.0
2025-08-11 16:40:00+02:00,84.6500015258789,84.80000305175781,84.5999984741211,84.80000305175781,1175,0.0,0.0
2025-08-11 16:45:00+02:00,84.75,84.75,84.75,84.75,0,0.0,0.0
2025-08-11 16:50:00+02:00,84.6500015258789,84.69999694824219,84.55000305175781,84.55000305175781,696,0.0,0.0
2025-08-11 16:55:00+02:00,84.6500015258789,84.69999694824219,84.55000305175781,84.55000305175781,2390,0.0,0.0
2025-08-11 17:00:00+02:00,84.44999694824219,84.44999694824219,84.44999694824219,84.44999694824219,0,0.0,0.0
2025-08-11 17:05:00+02:00,84.75,84.8499984741211,84.75,84.75,2318,0.0,0.0
2025-08-11 17:10:00+02:00,84.75,84.75,84.75,84.75,0,0.0,0.0
2025-08-11 17:15:00+02:00,84.80000305175781,84.9000015258789,84.55000305175781,84.8499984741211,3028,0.0,0.0
2025-08-11 17:20:00+02:00,84.80000305175781,84.8499984741211,84.55000305175781,84.55000305175781,2126,0.0,0.0
2025-08-11 17:25:00+02:00,84.5,84.75,84.5,84.75,4552,0.0,0.0
2025-08-12 09:00:00+02:00,84.5999984741211,85.69999694824219,84.5,85.5999984741211,8831,0.0,0.0
2025-08-12 09:05:00+02:00,85.55000305175781,85.55000305175781,84.6500015258789,84.80000305175781,6748,0.0,0.0
2025-08-12 09:10:00+02:00,84.80000305175781,85.30000305175781,84.80000305175781,85.19999694824219,8273,0.0,0.0
2025-08-12 09:15:00+02:00,85.0999984741211,85.1500015258789,84.80000305175781,84.94999694824219,3240,0.0,0.0
2025-08-12 09:20:00+02:00,84.8499984741211,85.0999984741211,84.8499984741211,85.05000305175781,3226,0.0,0.0
2025-08-12 09:25:00+02:00,85.19999694824219,85.25,84.80000305175781,84.94999694824219,2349,0.0,0.0
2025-08-12 09:30:00+02:00,85.0,85.3499984741211,84.75,85.3499984741211,4913,0.0,0.0
2025-08-12 09:35:00+02:00,85.25,85.30000305175781,84.9000015258789,84.9000015258789,7003,0.0,0.0
2025-08-12 09:40:00+02:00,84.9000015258789,85.1500015258789,84.9000015258789,85.1500015258789,735,0.0,0.0
2025-08-12 09:45:00+02:00,85.0999984741211,85.30000305175781,84.94999694824219,85.05000305175781,1244,0.0,0.0
2025-08-12 09:50:00+02:00,85.05000305175781,85.3499984741211,85.05000305175781,85.25,2545,0.0,0.0
2025-08-12 09:55:00+02:00,85.1500015258789,85.30000305175781,85.0999984741211,85.30000305175781,1307,0.0,0.0
2025-08-12 10:00:00+02:00,85.19999694824219,85.25,85.1500015258789,85.25,1619,0.0,0.0
2025-08-12 10:05:00+02:00,85.30000305175781,85.30000305175781,85.0,85.1500015258789,5658,0.0,0.0
2025-08-12 10:10:00+02:00,85.0999984741211,85.19999694824219,85.0999984741211,85.0999984741211,1098,0.0,0.0
2025-08-12 10:15:00+02:00,85.05000305175781,85.1500015258789,85.0,85.1500015258789,684,0.0,0.0
2025-08-12 10:20:00+02:00,85.1500015258789,85.5,85.1500015258789,85.3499984741211,1762,0.0,0.0
2025-08-12 10:25:00+02:00,85.0999984741211,85.0999984741211,84.8499984741211,85.0,1247,0.0,0.0
2025-08-12 10:30:00+02:00,85.05000305175781,85.30000305175781,85.05000305175781,85.30000305175781,138,0.0,0.0
2025-08-12 10:35:00+02:00,85.30000305175781,85.44999694824219,85.25,85.30000305175781,1859,0.0,0.0
2025-08-12 10:40:00+02:00,85.30000305175781,85.30000305175781,85.1500015258789,85.19999694824219,1189,0.0,0.0
2025-08-12 10:45:00+02:00,85.25,85.80000305175781,85.19999694824219,85.80000305175781,2326,0.0,0.0
2025-08-12 10:50:00+02:00,85.69999694824219,86.0999984741211,85.69999694824219,85.9000015258789,5997,0.0,0.0
2025-08-12 10:55:00+02:00,85.94999694824219,86.1500015258789,85.80000305175781,85.80000305175781,3007,0.0,0.0
2025-08-12 11:00:00+02:00,85.8499984741211,86.19999694824219,85.8499984741211,86.0999984741211,1172,0.0,0.0
2025-08-12 11:05:00+02:00,86.19999694824219,86.30000305175781,85.8499984741211,85.9000015258789,19468,0.0,0.0
2025-08-12 11:10:00+02:00,85.9000015258789,86.0,85.4000015258789,85.55000305175781,5342,0.0,0.0
2025-08-12 11:15:00+02:00,85.6500015258789,85.75,85.5,85.55000305175781,4137,0.0,0.0
2025-08-12 11:20:00+02:00,85.55000305175781,85.5999984741211,85.55000305175781,85.55000305175781,979,0.0,0.0
2025-08-12 11:25:00+02:00,85.55000305175781,85.9000015258789,85.55000305175781,85.8499984741211,1475,0.0,0.0
2025-08-12 11:30:00+02:00,85.80000305175781,85.80000305175781,85.5999984741211,85.6500015258789,1533,0.0,0.0
2025-08-12 11:35:00+02:00,85.69999694824219,85.69999694824219,85.55000305175781,85.55000305175781,1379,0.0,0.0
2025-08-12 11:40:00+02:00,85.5,85.6500015258789,85.44999694824219,85.6500015258789,1091,0.0,0.0
2025-08-12 11:45:00+02:00,85.5999984741211,85.5999984741211,85.4000015258789,85.4000015258789,1737,0.0,0.0
2025-08-12 11:50:00+02:00,85.5,85.5999984741211,85.5,85.5,1765,0.0,0.0
2025-08-12 11:55:00+02:00,85.5,85.5,85.30000305175781,85.30000305175781,950,0.0,0.0
2025-08-12 12:00:00+02:00,85.19999694824219,85.4000015258789,85.19999694824219,85.4000015258789,2710,0.0,0.0
2025-08-12 12:05:00+02:00,85.3499984741211,85.44999694824219,85.25,85.30000305175781,1782,0.0,0.0
2025-08-12 12:10:00+02:00,85.3499984741211,85.3499984741211,85.25,85.25,1734,0.0,0.0
2025-08-12 12:15:00+02:00,85.30000305175781,85.5,85.25,85.5,3051,0.0,0.0
2025-08-12 12:20:00+02:00,85.6500015258789,85.75,85.6500015258789,85.6500015258789,915,0.0,0.0
2025-08-12 12:25:00+02:00,85.55000305175781,85.5999984741211,85.4000015258789,85.4000015258789,1206,0.0,0.0
2025-08-12 12:30:00+02:00,85.4000015258789,85.5,85.4000015258789,85.44999694824219,517,0.0,0.0
2025-08-12 12:35:00+02:00,85.3499984741211,85.3499984741211,85.30000305175781,85.30000305175781,357,0.0,0.0
2025-08-12 12:40:00+02:00,85.3499984741211,85.3499984741211,85.3499984741211,85.3499984741211,0,0.0,0.0
2025-08-12 12:45:00+02:00,85.30000305175781,85.30000305175781,85.0999984741211,85.25,128,0.0,0.0
2025-08-12 12:50:00+02:00,85.19999694824219,85.30000305175781,85.19999694824219,85.19999694824219,1113,0.0,0.0
2025-08-12 12:55:00+02:00,85.19999694824219,85.19999694824219,85.19999694824219,85.19999694824219,0,0.0,0.0
2025-08-12 13:00:00+02:00,84.9000015258789,85.3499984741211,84.44999694824219,85.0999984741211,5032,0.0,0.0
2025-08-12 13:05:00+02:00,85.0,85.0,85.0,85.0,0,0.0,0.0
2025-08-12 13:10:00+02:00,84.94999694824219,85.1500015258789,84.94999694824219,85.05000305175781,1016,0.0,0.0
2025-08-12 13:15:00+02:00,84.94999694824219,84.94999694824219,84.94999694824219,84.94999694824219,0,0.0,0.0
2025-08-12 13:20:00+02:00,84.94999694824219,85.0,84.8499984741211,84.8499984741211,0,0.0,0.0
2025-08-12 13:25:00+02:00,85.0,85.0,84.80000305175781,84.9000015258789,136,0.0,0.0
2025-08-12 13:30:00+02:00,84.8499984741211,84.8499984741211,84.80000305175781,84.80000305175781,122,0.0,0.0
2025-08-12 13:35:00+02:00,84.6500015258789,84.6500015258789,84.6500015258789,84.6500015258789,0,0.0,0.0
2025-08-12 13:40:00+02:00,84.6500015258789,84.6500015258789,84.5999984741211,84.5999984741211,52,0.0,0.0
2025-08-12 13:45:00+02:00,84.9000015258789,84.9000015258789,84.9000015258789,84.9000015258789,0,0.0,0.0
2025-08-12 13:50:00+02:00,84.69999694824219,84.69999694824219,84.69999694824219,84.69999694824219,0,0.0,0.0
2025-08-12 13:55:00+02:00,84.6500015258789,84.80000305175781,84.6500015258789,84.80000305175781,1337,0.0,0.0
2025-08-12 14:00:00+02:00,84.5999984741211,84.5999984741211,84.5999984741211,84.5999984741211,0,0.0,0.0
2025-08-12 14:05:00+02:00,84.94999694824219,85.0,84.80000305175781,84.8499984741211,410,0.0,0.0
2025-08-12 14:10:00+02:00,84.8499984741211,84.8499984741211,84.8499984741211,84.8499984741211,67,0.0,0.0
2025-08-12 14:15:00+02:00,85.19999694824219,85.30000305175781,85.19999694824219,85.19999694824219,0,0.0,0.0
2025-08-12 14:20:00+02:00,84.9000015258789,84.94999694824219,84.8499984741211,84.9000015258789,1950,0.0,0.0
2025-08-12 14:25:00+02:00,84.8499984741211,85.05000305175781,84.8499984741211,85.05000305175781,236511,0.0,0.0
2025-08-12 14:30:00+02:00,85.0,85.3499984741211,85.0,85.3499984741211,1955,0.0,0.0
2025-08-12 14:35:00+02:00,85.44999694824219,85.6500015258789,85.44999694824219,85.6500015258789,97,0.0,0.0
2025-08-12 14:40:00+02:00,85.9000015258789,86.0999984741211,85.9000015258789,86.0999984741211,455,0.0,0.0
2025-08-12 14:45:00+02:00,85.5999984741211,85.75,85.5999984741211,85.6500015258789,624,0.0,0.0
2025-08-12 14:50:00+02:00,85.8499984741211,85.8499984741211,85.6500015258789,85.6500015258789,374,0.0,0.0
2025-08-12 14:55:00+02:00,85.69999694824219,85.69999694824219,85.55000305175781,85.6500015258789,293,0.0,0.0
2025-08-12 15:00:00+02:00,85.5,85.5999984741211,85.5,85.5999984741211,0,0.0,0.0
2025-08-12 15:05:00+02:00,85.6500015258789,85.69999694824219,85.6500015258789,85.69999694824219,0,0.0,0.0
2025-08-12 15:10:00+02:00,85.75,85.75,85.75,85.75,0,0.0,0.0
2025-08-12 15:15:00+02:00,85.8499984741211,85.8499984741211,85.8499984741211,85.8499984741211,0,0.0,0.0
2025-08-12 15:20:00+02:00,85.9000015258789,85.9000015258789,85.5999984741211,85.5999984741211,0,0.0,0.0
2025-08-12 15:25:00+02:00,85.55000305175781,85.55000305175781,85.5,85.55000305175781,0,0.0,0.0
2025-08-12 15:30:00+02:00,85.69999694824219,85.69999694824219,85.44999694824219,85.44999694824219,0,0.0,0.0
2025-08-12 15:35:00+02:00,85.80000305175781,85.80000305175781,85.6500015258789,85.6500015258789,710,0.0,0.0
2025-08-12 15:40:00+02:00,85.69999694824219,85.9000015258789,85.69999694824219,85.9000015258789,2581,0.0,0.0
2025-08-12 15:45:00+02:00,85.80000305175781,85.8499984741211,85.80000305175781,85.80000305175781,0,0.0,0.0
2025-08-12 15:50:00+02:00,85.75,85.94999694824219,85.55000305175781,85.9000015258789,1068,0.0,0.0
2025-08-12 15:55:00+02:00,85.94999694824219,85.94999694824219,85.5999984741211,85.6500015258789,1234,0.0,0.0
2025-08-12 16:00:00+02:00,85.5999984741211,85.6500015258789,85.19999694824219,85.25,1567,0.0,0.0
2025-08-12 16:05:00+02:00,85.4000015258789,85.8499984741211,85.4000015258789,85.8499984741211,3706,0.0,0.0
2025-08-12 16:10:00+02:00,85.80000305175781,85.80000305175781,85.55000305175781,85.69999694824219,1359,0.0,0.0
2025-08-12 16:15:00+02:00,85.69999694824219,85.69999694824219,85.69999694824219,85.69999694824219,0,0.0,0.0
2025-08-12 16:20:00+02:00,85.69999694824219,85.75,85.5999984741211,85.6500015258789,2268,0.0,0.0
2025-08-12 16:25:00+02:00,85.6500015258789,85.80000305175781,85.55000305175781,85.80000305175781,3763,0.0,0.0
2025-08-12 16:30:00+02:00,85.8499984741211,85.94999694824219,85.80000305175781,85.80000305175781,6375,0.0,0.0
2025-08-12 16:35:00+02:00,85.9000015258789,85.94999694824219,85.8499984741211,85.8499984741211,1115,0.0,0.0
2025-08-12 16:40:00+02:00,85.8499984741211,85.9000015258789,85.75,85.80000305175781,932,0.0,0.0
2025-08-12 16:45:00+02:00,85.9000015258789,85.9000015258789,85.9000015258789,85.9000015258789,0,0.0,0.0
